Bus_Number,Remark,P_gen,Q_gen,P_load,Q_load,V_magnitude,V_phase,V_report,I_magitude,I_phase
1,Slack bus,186.80907787502,114.500840658277,50,30.99,1,0,normal,1.65151383369111,-34.0667134933108
2,Load Bus,0,0,170,105.35,0.982421039170977,-0.976121968600494,normal,1.9905963407858,149.400900100887
3,Load Bus,0,0,200,123.94,0.969004803638356,-1.87217670873661,normal,2.37733628134701,148.376498125493
4,PV bus,318,181.429643160862,80,49.58,1.02,1.52305528495922,normal,2.71966804769843,-29.3900029892958
