 From,To,R,X,Y/2,I_min,I_max,P_min,P_max,pf_min,Pf_max
1,2,0.01008,0.0504,0.05125,0.5,1.2,0,0,0.85,0.87
1,3,0.00744,0.0372,0.03875,0.5,1.2,0,0,0.85,0.87
2,4,0.00744,0.0372,0.03875,0.5,1.2,0,0,0.85,0.87
3,4,0.01272,0.0636,0.06375,0.5,1.2,0,0,0.85,0.87
